{
  "vp": 1.131347,
  "colony": 0.947509,
  "outpost": 0.336961,
  "route": 0.507456,
  "engagedFactory": 0.324897,
  "cathedral": 0.162582,
  "palace": 0.387215,
  "shipyard": 0.256872,
  "fort": 0.240936,
  "skyship": 0.002799,
  "regiment": 0.208211,
  "eliteRegiment": 0.00627,
  "levy": 0.034843,
  "gold": 0.104097,
  "counsellor": 0.090892,
  "militaryStrength": 0.043294,
  "heresyVP": 0.562879,
  "debtPenalty": 0.018662,
  "dissenterPenalty": 0.217201,
  "unconnectedPenalty": 0.254825
}