{
  "vp": 1.079762,
  "colony": 0.904201,
  "outpost": 0.406927,
  "route": 0.665217,
  "engagedFactory": 0.097262,
  "cathedral": 0.065476,
  "palace": 0.209678,
  "shipyard": 0.262997,
  "fort": 0.096576,
  "skyship": 0.020113,
  "regiment": 0.001023,
  "eliteRegiment": 0.00287,
  "levy": 0.014284,
  "gold": 0.04697,
  "counsellor": 0.135697,
  "militaryStrength": 0.012381,
  "heresyVP": 0.596928,
  "debtPenalty": 0.052053,
  "dissenterPenalty": 0.368597,
  "unconnectedPenalty": 0.378991
}