{
  "vp": 1.08711,
  "colony": 0.631999,
  "outpost": 0.294096,
  "route": 0.609237,
  "engagedFactory": 0.333231,
  "cathedral": 0.246158,
  "palace": 0.150842,
  "shipyard": 0.250008,
  "fort": 0.274826,
  "skyship": 0.342744,
  "regiment": 0.002578,
  "eliteRegiment": 0.131154,
  "levy": 0.065416,
  "gold": 0.122115,
  "counsellor": 0.177302,
  "militaryStrength": 0.107625,
  "heresyVP": 0.637688,
  "debtPenalty": 0.005743,
  "dissenterPenalty": 0.340072,
  "unconnectedPenalty": 0.240024
}