{
  "vp": 1.075798,
  "colony": 0.842161,
  "outpost": 0.48328,
  "route": 0.515544,
  "engagedFactory": 0.272228,
  "cathedral": 0.225431,
  "palace": 0.173609,
  "shipyard": 0.458702,
  "fort": 0.110051,
  "skyship": 0.082628,
  "regiment": 0.001104,
  "eliteRegiment": 0.160309,
  "levy": 0.038316,
  "gold": 0.070552,
  "counsellor": 0.088129,
  "militaryStrength": 0.035458,
  "heresyVP": 0.367807,
  "debtPenalty": 0.010649,
  "dissenterPenalty": 0.014752,
  "unconnectedPenalty": 0.28488
}