{
  "vp": 0.956988,
  "colony": 0.878161,
  "outpost": 0.412836,
  "route": 0.591579,
  "engagedFactory": 0.096544,
  "cathedral": 0.315517,
  "palace": 0.110051,
  "shipyard": 0.356714,
  "fort": 0.136083,
  "skyship": 0.004931,
  "regiment": 0.001632,
  "eliteRegiment": 0.040223,
  "levy": 0.001011,
  "gold": 0.005524,
  "counsellor": 0.104862,
  "militaryStrength": 0.002974,
  "heresyVP": 0.594019,
  "debtPenalty": 0.015677,
  "dissenterPenalty": 0.221747,
  "unconnectedPenalty": 0.335943
}