{
  "bucket": "A",
  "generations_run": 22,
  "default_avgVP": 5.96,
  "best_avgVP": 10.38,
  "best_weights": {
    "vp": 1.022147,
    "colony": 0.609251,
    "outpost": 0.40432,
    "route": 0.460611,
    "engagedFactory": 0.431037,
    "cathedral": 0.352693,
    "palace": 0.126821,
    "shipyard": 0.187975,
    "fort": 0.071524,
    "skyship": 0.063577,
    "regiment": 0.131896,
    "eliteRegiment": 0.019418,
    "levy": 0.055622,
    "gold": 0.26219,
    "counsellor": 0.010257,
    "militaryStrength": 0.095888,
    "heresyVP": 0.602204,
    "debtPenalty": 0.114152,
    "dissenterPenalty": 0.147284,
    "unconnectedPenalty": 0.336299
  },
  "improvement": 4.42,
  "early_stopped": true,
  "total_time_s": 2469.0,
  "total_time_human": "41.2m"
}