{
  "vp": 1.199732,
  "colony": 0.720465,
  "outpost": 0.402426,
  "route": 0.604822,
  "engagedFactory": 0.430929,
  "cathedral": 0.220733,
  "palace": 0.119595,
  "shipyard": 0.11771,
  "fort": 0.059316,
  "skyship": 0.054155,
  "regiment": 0.003053,
  "eliteRegiment": 0.086274,
  "levy": 0.050001,
  "gold": 0.025325,
  "counsellor": 0.152336,
  "militaryStrength": 0.063736,
  "heresyVP": 0.351778,
  "debtPenalty": 0.006557,
  "dissenterPenalty": 0.214945,
  "unconnectedPenalty": 0.303709
}