{
  "deployFleet": 0.638791,
  "purchaseSkyships": 0.056273,
  "recruitCounsellors": 0.062088,
  "recruitRegiments": 0.706946,
  "foundBuildings": 0.078405,
  "foundFactory": 0.273616,
  "influencePrelates": 0.555074,
  "buildSkyships": 0.413416,
  "moveFleet": 0.322705,
  "punishDissenters": 0.640891,
  "alterPlayerOrder": 0.599949,
  "convertMonarch": 0.705149,
  "issueHolyDecree": 0.780612,
  "trainTroops": 0.799975,
  "conscriptLevies": 0.284187,
  "garrisonTransfer": 0.344828,
  "transferBetweenFleets": 0.560169,
  "sendAgitators": 0.051471,
  "declareSmugglerGood": 0.244543,
  "checkAndPlaceFort": 0.22083,
  "transferOutpost": 0.789971,
  "sellSkyships": 0.07703,
  "sellBuilding": 0.355647,
  "discardFoWCard": 0.2854
}