{
  "vp": 1.157328,
  "colony": 0.664778,
  "outpost": 0.333631,
  "route": 0.614023,
  "engagedFactory": 0.120727,
  "cathedral": 0.313722,
  "palace": 0.412913,
  "shipyard": 0.25487,
  "fort": 0.014142,
  "skyship": 0.133849,
  "regiment": 0.059093,
  "eliteRegiment": 0.090228,
  "levy": 0.012073,
  "gold": 0.217609,
  "counsellor": 0.499654,
  "militaryStrength": 0.193246,
  "heresyVP": 0.427743,
  "debtPenalty": 0.155256,
  "dissenterPenalty": 0.21465,
  "unconnectedPenalty": 0.129581
}