{
  "bucket": "A",
  "generations_run": 17,
  "default_avgVP": 5.79,
  "best_avgVP": 10.65,
  "best_weights": {
    "vp": 1.146588,
    "colony": 0.522155,
    "outpost": 0.502501,
    "route": 0.673842,
    "engagedFactory": 0.164057,
    "cathedral": 0.340931,
    "palace": 0.357877,
    "shipyard": 0.309872,
    "fort": 0.013624,
    "skyship": 0.025695,
    "regiment": 0.053615,
    "eliteRegiment": 0.002933,
    "levy": 0.00613,
    "gold": 0.279163,
    "counsellor": 0.464006,
    "militaryStrength": 0.087535,
    "heresyVP": 0.522069,
    "debtPenalty": 0.027269,
    "dissenterPenalty": 0.399897,
    "unconnectedPenalty": 0.24454
  },
  "improvement": 4.86,
  "early_stopped": true,
  "total_time_s": 2186.0,
  "total_time_human": "36.4m"
}