{
  "deployFleet": 0.780787,
  "purchaseSkyships": 0.051304,
  "recruitCounsellors": 0.089839,
  "recruitRegiments": 0.752662,
  "foundBuildings": 0.050035,
  "foundFactory": 0.226317,
  "influencePrelates": 0.581546,
  "buildSkyships": 0.456888,
  "moveFleet": 0.189156,
  "punishDissenters": 0.651656,
  "alterPlayerOrder": 0.499775,
  "convertMonarch": 0.764239,
  "issueHolyDecree": 0.726157,
  "trainTroops": 0.797788,
  "conscriptLevies": 0.347928,
  "garrisonTransfer": 0.476441,
  "transferBetweenFleets": 0.744311,
  "sendAgitators": 0.116029,
  "declareSmugglerGood": 0.22748,
  "checkAndPlaceFort": 0.334462,
  "transferOutpost": 0.796372,
  "sellSkyships": 0.051855,
  "sellBuilding": 0.267505,
  "discardFoWCard": 0.103961
}