{
  "vp": 1.093868,
  "colony": 0.879973,
  "outpost": 0.292102,
  "route": 0.451517,
  "engagedFactory": 0.174686,
  "cathedral": 0.286603,
  "palace": 0.196365,
  "shipyard": 0.165167,
  "fort": 0.065438,
  "skyship": 0.01351,
  "regiment": 0.034231,
  "eliteRegiment": 0.0049,
  "levy": 0.099932,
  "gold": 0.001574,
  "counsellor": 0.328295,
  "militaryStrength": 0.003183,
  "heresyVP": 0.554071,
  "debtPenalty": 0.00442,
  "dissenterPenalty": 0.044553,
  "unconnectedPenalty": 0.211898
}