{
  "vp": 1.0326,
  "colony": 0.870114,
  "outpost": 0.320689,
  "route": 0.175017,
  "engagedFactory": 0.335853,
  "cathedral": 0.227001,
  "palace": 0.195218,
  "shipyard": 0.28393,
  "fort": 0.07658,
  "skyship": 0.088163,
  "regiment": 0.086967,
  "eliteRegiment": 0.203671,
  "levy": 0.032409,
  "gold": 0.010293,
  "counsellor": 0.026744,
  "militaryStrength": 0.010751,
  "heresyVP": 0.537895,
  "debtPenalty": 0.080036,
  "dissenterPenalty": 0.014537,
  "unconnectedPenalty": 0.341863
}