{
  "vp": 1.131256,
  "colony": 0.849451,
  "outpost": 0.450939,
  "route": 0.394731,
  "engagedFactory": 0.095158,
  "cathedral": 0.427418,
  "palace": 0.010128,
  "shipyard": 0.265587,
  "fort": 0.077754,
  "skyship": 0.011181,
  "regiment": 0.011496,
  "eliteRegiment": 0.0615,
  "levy": 0.025424,
  "gold": 0.004884,
  "counsellor": 0.118571,
  "militaryStrength": 0.007174,
  "heresyVP": 0.475475,
  "debtPenalty": 0.033459,
  "dissenterPenalty": 0.067807,
  "unconnectedPenalty": 0.333572
}