generation,gen_avg_vp,gen_best_vp,alltime_best_vp,sigma,elapsed_s
1,12.2783,26.5000,26.5000,0.092386,520
2,17.3892,31.1100,31.1100,0.087907,976
