{
  "bucket": "A",
  "generations_run": 2,
  "default_avgVP": 12.28,
  "best_avgVP": 31.11,
  "best_weights": {
    "vp": 0.965298,
    "colony": 0.873932,
    "outpost": 0.544803,
    "route": 0.59516,
    "engagedFactory": 0.485023,
    "cathedral": 0.252844,
    "palace": 0.064099,
    "shipyard": 0.116284,
    "fort": 0.01099,
    "skyship": 0.002453,
    "regiment": 0.174522,
    "eliteRegiment": 0.074655,
    "levy": 0.088643,
    "gold": 0.032646,
    "counsellor": 0.014894,
    "militaryStrength": 0.002065,
    "heresyVP": 0.550108,
    "debtPenalty": 0.001083,
    "dissenterPenalty": 0.032221,
    "unconnectedPenalty": 0.378615
  },
  "improvement": 18.83,
  "early_stopped": false,
  "total_time_s": 976.0,
  "total_time_human": "16.3m"
}