{
  "bucket": "A",
  "generations_run": 21,
  "default_avgVP": 6.41,
  "best_avgVP": 10.07,
  "best_weights": {
    "vp": 1.143728,
    "colony": 0.559321,
    "outpost": 0.420643,
    "route": 0.615903,
    "engagedFactory": 0.15483,
    "cathedral": 0.360437,
    "palace": 0.390893,
    "shipyard": 0.339877,
    "fort": 0.110681,
    "skyship": 0.069196,
    "regiment": 0.144477,
    "eliteRegiment": 0.092792,
    "levy": 0.00942,
    "gold": 0.29488,
    "counsellor": 0.472159,
    "militaryStrength": 0.125534,
    "heresyVP": 0.416716,
    "debtPenalty": 0.038202,
    "dissenterPenalty": 0.302367,
    "unconnectedPenalty": 0.122577
  },
  "improvement": 3.66,
  "early_stopped": true,
  "total_time_s": 3001.0,
  "total_time_human": "50.0m"
}